PMID,Title,Authors,Citation,First Author,Journal/Book,Publication Year,Create Date,PMCID,NIHMS ID,DOI
"37490085","Identifying Children Likely to Benefit From Antibiotics for Acute Sinusitis: A Randomized Clinical Trial","Shaikh N, Hoberman A, Shope TR, Jeong JH, Kurs-Lasky M, Martin JM, Bhatnagar S, Muniz GB, Block SL, Andrasko M, Lee MC, Rajakumar K, Wald ER.","JAMA. 2023 Jul 25;330(4):349-358. doi: 10.1001/jama.2023.10854.","Shaikh N","JAMA","2023","2023/07/25","PMC10370259","","10.1001/jama.2023.10854"
"31315084","Extemporaneous Indomethacin Oral Suspension Prepared from Injectable Ampules for Therapy in Premature Infants and Pediatric Patients","Lafuente Y, García MC, Jiminez-Kairuz A.","Int J Pharm Compd. 2019 Jul-Aug;23(4):324-331.","Lafuente Y","Int J Pharm Compd","2019","2019/07/18","","",""
"38542016","Dermatologic Effects of Selumetinib in Pediatric Patients with Neurofibromatosis Type 1: Clinical Challenges and Therapeutic Management","Borgia P, Piccolo G, Santangelo A, Chelleri C, Viglizzo G, Occella C, Minetti C, Striano P, Diana MC.","J Clin Med. 2024 Mar 20;13(6):1792. doi: 10.3390/jcm13061792.","Borgia P","J Clin Med","2024","2024/03/28","PMC10971430","","10.3390/jcm13061792"
"31347758","The use of noncultured regenerative epithelial suspension for improving skin color and scars: A report of 8 cases and review of the literature","Ren J, Liu J, Yu N, Zhang W, Qian H, Liu Z, Zhu N.","J Cosmet Dermatol. 2019 Oct;18(5):1487-1494. doi: 10.1111/jocd.13071. Epub 2019 Jul 26.","Ren J","J Cosmet Dermatol","2019","2019/07/27","","","10.1111/jocd.13071"
"14770077","Safety and tolerability of azithromycin in pediatric infectious diseases: 2003 update","Ruuskanen O.","Pediatr Infect Dis J. 2004 Feb;23(2 Suppl):S135-9. doi: 10.1097/01.inf.0000112528.75956.41.","Ruuskanen O","Pediatr Infect Dis J","2004","2004/02/11","","","10.1097/01.inf.0000112528.75956.41"
"36678693","A Micro-Configured Multiparticulate Reconstitutable Suspension Powder of Fixed Dose Rifampicin and Pyrazinamide: Optimal Fabrication and In Vitro Quality Evaluation","Rampedi PN, Ogunrombi MO, Wesley-Smith J, Adeleke OA.","Pharmaceutics. 2022 Dec 25;15(1):64. doi: 10.3390/pharmaceutics15010064.","Rampedi PN","Pharmaceutics","2022","2023/01/21","PMC9861895","","10.3390/pharmaceutics15010064"
"31611144","Organoleptic excipients used in pediatric antibiotics","Nakama KA, Dos Santos RB, Serpa P, Maciel TR, Haas SE.","Arch Pediatr. 2019 Oct;26(7):431-436. doi: 10.1016/j.arcped.2019.09.008. Epub 2019 Oct 12.","Nakama KA","Arch Pediatr","2019","2019/10/16","","","10.1016/j.arcped.2019.09.008"
"34694252","A Health Literate Patient-focused Approach to the Redesign of the Raltegravir (ISENTRESS) Pediatric Kit and Instructions for Use","Mills A, Myers L, Raudenbush C, Vossen DA, Teppler H, Miteva YR, Seeley S, Homony B, Straus WL.","Pediatr Infect Dis J. 2022 Jan 1;41(1):51-56. doi: 10.1097/INF.0000000000003334.","Mills A","Pediatr Infect Dis J","2022","2021/10/25","PMC8658952","","10.1097/INF.0000000000003334"
"18587605","Extemporaneous suspension of propafenone: attending lack of pediatric formulations in Mexico","Juárez Olguín H, Flores Pérez C, Ramírez Mendiola B, Coria Jiménez R, Sandoval Ramírez E, Flores Pérez J.","Pediatr Cardiol. 2008 Nov;29(6):1077-81. doi: 10.1007/s00246-008-9257-5. Epub 2008 Jun 28.","Juárez Olguín H","Pediatr Cardiol","2008","2008/07/01","","","10.1007/s00246-008-9257-5"
"33611378","Stability of 10-mg/mL and 50-mg/mL ketamine oral solutions","Ancedy D, Sebti M, Postaire M, Vidal F, Cisternino S, Schlatter J.","Am J Health Syst Pharm. 2021 Apr 22;78(9):825-831. doi: 10.1093/ajhp/zxab066.","Ancedy D","Am J Health Syst Pharm","2021","2021/02/21","","","10.1093/ajhp/zxab066"
"33435555","Investigation of the Physical, Chemical and Microbiological Stability of Losartan Potassium 5 mg/mL Extemporaneous Oral Liquid Suspension","Foley L, Toney J, Barlow JW, O'Connor M, Fitzgerald-Hughes D, Ramtoola Z.","Molecules. 2021 Jan 8;26(2):301. doi: 10.3390/molecules26020301.","Foley L","Molecules","2021","2021/01/13","PMC7827961","","10.3390/molecules26020301"
"33917258","A Potential Role for Fructosamine-3-Kinase in Cataract Treatment","De Bruyne S, van Schie L, Himpe J, De Somer F, Everaert I, Derave W, Van den Broecke C, Huizing M, Bostan N, Speeckaert M, Callewaert N, Van Aken E, Delanghe JR.","Int J Mol Sci. 2021 Apr 7;22(8):3841. doi: 10.3390/ijms22083841.","De Bruyne S","Int J Mol Sci","2021","2021/04/30","PMC8068021","","10.3390/ijms22083841"
"9063785","Superiority of oral ketamine as an analgesic and sedative for wound care procedures in the pediatric patient with burns","Humphries Y, Melson M, Gore D.","J Burn Care Rehabil. 1997 Jan-Feb;18(1 Pt 1):34-6. doi: 10.1097/00004630-199701000-00006.","Humphries Y","J Burn Care Rehabil","1997","1997/01/01","","","10.1097/00004630-199701000-00006"
"29691267","Stability of extemporaneously prepared cinacalcet oral suspensions","Thomson K, Hutchinson DJ, Chablani L.","Am J Health Syst Pharm. 2018 May 1;75(9):e236-e240. doi: 10.2146/ajhp170072.","Thomson K","Am J Health Syst Pharm","2018","2018/04/26","","","10.2146/ajhp170072"
"27583702","Stability study of oral pediatric idebenone suspensions","Schlatter J, Bourguignon E, Majoul E, Kabiche S, Balde IB, Cisternino S, Fontan JE.","Pharm Dev Technol. 2017 Mar;22(2):296-299. doi: 10.1080/10837450.2016.1231811. Epub 2016 Sep 21.","Schlatter J","Pharm Dev Technol","2017","2016/09/02","","","10.1080/10837450.2016.1231811"
"20103616","Stability of cyclophosphamide in extemporaneous oral suspensions","Kennedy R, Groepper D, Tagen M, Christensen R, Navid F, Gajjar A, Stewart CF.","Ann Pharmacother. 2010 Feb;44(2):295-301. doi: 10.1345/aph.1M578. Epub 2010 Jan 26.","Kennedy R","Ann Pharmacother","2010","2010/01/28","PMC2835970","NIHMS174110","10.1345/aph.1M578"
"28333668","Development of Extemporaneously Compounded Aripiprazole Oral Suspensions for Use in Children","Pramann LA, Davidow LW, van Haandel L, Funk RS.","Int J Pharm Compd. 2016 May-Jun;20(3):257-261.","Pramann LA","Int J Pharm Compd","2016","2017/03/24","","",""
"11083458","Platelet secretion during clot retraction","White JG.","Platelets. 2000 Sep;11(6):331-43. doi: 10.1080/09537100050144759.","White JG","Platelets","2000","2000/11/18","","","10.1080/09537100050144759"
"10030510","Stability of terbinafine hydrochloride in an extemporaneously prepared oral suspension at 25 and 4 degrees C","Abdel-Rahman SM, Nahata MC.","Am J Health Syst Pharm. 1999 Feb 1;56(3):243-5. doi: 10.1093/ajhp/56.3.243.","Abdel-Rahman SM","Am J Health Syst Pharm","1999","1999/02/25","","","10.1093/ajhp/56.3.243"
"24231050","Design and physicochemical stability studies of paediatric oral formulations of sildenafil","Provenza N, Calpena AC, Mallandrich M, Halbaut L, Clares B.","Int J Pharm. 2014 Jan 2;460(1-2):234-9. doi: 10.1016/j.ijpharm.2013.11.006. Epub 2013 Nov 11.","Provenza N","Int J Pharm","2014","2013/11/16","","","10.1016/j.ijpharm.2013.11.006"
"35694327","Physicochemical Stability Study of Oral Suspension Containing Ruxolitinib in Children with Steroid-Refractory Acute Graft-Versus-Host Disease","Hinterlang M, Sebti M, Cotteret C, Vidal F, Neven B, Cisternino S, Schlatter J.","ScientificWorldJournal. 2022 Jun 2;2022:1931118. doi: 10.1155/2022/1931118. eCollection 2022.","Hinterlang M","ScientificWorldJournal","2022","2022/06/13","PMC9184215","","10.1155/2022/1931118"
"33833628","Stability Determination of an Extemporaneously Compounded Ambrisentan Suspension by High Performance Liquid Chromatography Analysis","Cramer J, Bevry M, Handler S, Tillman K, Abourashed EA.","J Pediatr Pharmacol Ther. 2021;26(3):265-270. doi: 10.5863/1551-6776-26.3.265. Epub 2021 Mar 31.","Cramer J","J Pediatr Pharmacol Ther","2021","2021/04/09","PMC8021248","","10.5863/1551-6776-26.3.265"
"18577759","Stability of sunitinib in oral suspension","Navid F, Christensen R, Minkin P, Stewart CF, Furman WL, Baker S.","Ann Pharmacother. 2008 Jul;42(7):962-6. doi: 10.1345/aph.1K654. Epub 2008 Jun 24.","Navid F","Ann Pharmacother","2008","2008/06/26","","","10.1345/aph.1K654"
"2729306","Stability of carbamazepine suspension after repackaging into four types of single-dose containers","Lowe DR, Fuller SH, Pesko LJ, Garnett WR, Karnes HT.","Am J Hosp Pharm. 1989 May;46(5):982-4.","Lowe DR","Am J Hosp Pharm","1989","1989/05/01","","",""
"25784402","Extemporaneous benznidazole oral suspension prepared from commercially available tablets for treatment of Chagas disease in paediatric patients","García MC, Manzo RH, Jimenez-Kairuz AF.","Trop Med Int Health. 2015 Jul;20(7):864-70. doi: 10.1111/tmi.12508. Epub 2015 Apr 6.","García MC","Trop Med Int Health","2015","2015/03/19","","","10.1111/tmi.12508"
"8878244","Properties of azithromycin that enhance the potential for compliance in children with upper respiratory tract infections","Powers JL.","Pediatr Infect Dis J. 1996 Sep;15(9 Suppl):S30-7. doi: 10.1097/00006454-199609009-00006.","Powers JL","Pediatr Infect Dis J","1996","1996/09/01","","","10.1097/00006454-199609009-00006"
"24040334","An innovative cascade system for simultaneous separation of multiple cell types","Pierzchalski A, Mittag A, Bocsi J, Tarnok A.","PLoS One. 2013 Sep 6;8(9):e74745. doi: 10.1371/journal.pone.0074745. eCollection 2013.","Pierzchalski A","PLoS One","2013","2013/09/17","PMC3765397","","10.1371/journal.pone.0074745"
"20237383","Stability of an extemporaneously prepared clopidogrel oral suspension","Skillman KL, Caruthers RL, Johnson CE.","Am J Health Syst Pharm. 2010 Apr 1;67(7):559-61. doi: 10.2146/ajhp090163.","Skillman KL","Am J Health Syst Pharm","2010","2010/03/19","","","10.2146/ajhp090163"
"17484080","Oral Ibuprofen and ductus arteriosus in premature infants: a randomized pilot study","Aly H, Lotfy W, Badrawi N, Ghawas M, Abdel-Meguid IE, Hammad TA.","Am J Perinatol. 2007 May;24(5):267-70. doi: 10.1055/s-2007-976550. Epub 2007 May 4.","Aly H","Am J Perinatol","2007","2007/05/08","","","10.1055/s-2007-976550"
"29235702","In Vitro Evaluation of Resilient Liner after Brushing with Conventional and Experimental Ricinus communis-Based Dentifrices","Badaró MM, Prates TP, Leite-Fernandes VMF, Oliveira VC, Paranhos HFO, Silva-Lovato CH.","J Prosthodont. 2019 Feb;28(2):e857-e862. doi: 10.1111/jopr.12680. Epub 2017 Dec 13.","Badaró MM","J Prosthodont","2019","2017/12/14","","","10.1111/jopr.12680"
"31367461","Bacillus clausii as adjunctive treatment for acute community-acquired diarrhea among Filipino children: a large-scale, multicenter, open-label study (CODDLE)","de Castro JA, Guno MJV, Perez MO.","Trop Dis Travel Med Vaccines. 2019 Jul 23;5:14. doi: 10.1186/s40794-019-0089-5. eCollection 2019.","de Castro JA","Trop Dis Travel Med Vaccines","2019","2019/08/02","PMC6651909","","10.1186/s40794-019-0089-5"
"23149007","Stability of an alternative extemporaneous captopril fast-dispersing tablet formulation versus an extemporaneous oral liquid formulation","Pabari RM, McDermott C, Barlow J, Ramtoola Z.","Clin Ther. 2012 Nov;34(11):2221-9. doi: 10.1016/j.clinthera.2012.10.005.","Pabari RM","Clin Ther","2012","2012/11/15","","","10.1016/j.clinthera.2012.10.005"
"29062252","Plasmapheresis in a child with cold antibody autoimmune hemolytic anemia: case report","Özdemir ZC, Bör Ö, Dinleyici EÇ, Kıral E.","Turk Pediatri Ars. 2017 Sep 1;52(3):169-172. doi: 10.5152/TurkPediatriArs.2017.2956. eCollection 2017 Sep.","Özdemir ZC","Turk Pediatri Ars","2017","2017/10/25","PMC5644585","","10.5152/TurkPediatriArs.2017.2956"
"568384","Stability of pediatric liquid dosage forms of ethacrynic acid, indomethacin, methyldopate hydrochloride, prednisone and spironolactone","Das Gupta V, Gibbs CW Jr, Ghanekar AG.","Am J Hosp Pharm. 1978 Nov;35(11):1382-5.","Das Gupta V","Am J Hosp Pharm","1978","1978/11/01","","",""
"32045009","Expulsion prevention: Framework for the role of infant and early childhood mental health consultation in addressing implicit biases","Davis AE, Perry DF, Rabinovitz L.","Infant Ment Health J. 2020 May;41(3):327-339. doi: 10.1002/imhj.21847. Epub 2020 Feb 11.","Davis AE","Infant Ment Health J","2020","2020/02/12","","","10.1002/imhj.21847"
"22478950","Stability of diclofenac sodium oral suspensions packaged in amber polyvinyl chloride bottles","Donnelly RF, Pascuet E, Ma C, Vaillancourt R.","Can J Hosp Pharm. 2010 Jan;63(1):25-30. doi: 10.4212/cjhp.v63i1.865.","Donnelly RF","Can J Hosp Pharm","2010","2012/04/06","PMC2832562","","10.4212/cjhp.v63i1.865"
"10486524","Discrepant flow cytometric expression and function of P-glycoprotein in neuroblastic tumors","De Moerloose B, Dhooge C, Laureys G, Benoit Y, Demarche M, Devalck C, Plantaz D, Leroy J, Philippé J.","Cytometry. 1999 Oct 1;37(2):125-32.","De Moerloose B","Cytometry","1999","1999/09/16","","",""
"15363498","Experimental designed optimisation and stability evaluation of dry suspensions with artemisinin derivatives for paediatric use","Gabriëls M, Plaizier-Vercammen J.","Int J Pharm. 2004 Sep 28;283(1-2):19-34. doi: 10.1016/j.ijpharm.2004.05.033.","Gabriëls M","Int J Pharm","2004","2004/09/15","","","10.1016/j.ijpharm.2004.05.033"
"17617502","Stability of extemporaneously prepared sodium phenylbutyrate oral suspensions","Caruthers RL, Johnson CE.","Am J Health Syst Pharm. 2007 Jul 15;64(14):1513-5. doi: 10.2146/ajhp060450.","Caruthers RL","Am J Health Syst Pharm","2007","2007/07/10","","","10.2146/ajhp060450"
"9162192","Deletion of 1p36 in childhood endodermal sinus tumors by two-color fluorescence in situ hybridization: a pediatric oncology group study","Perlman EJ, Valentine MB, Griffin CA, Look AT.","Genes Chromosomes Cancer. 1996 May;16(1):15-20. doi: 10.1002/(SICI)1098-2264(199605)16:1<15::AID-GCC2>3.0.CO;2-6.","Perlman EJ","Genes Chromosomes Cancer","1996","1996/05/01","","","10.1002/(SICI)1098-2264(199605)16:1<15::AID-GCC2>3.0.CO;2-6"
"16479596","Automated four-color analysis of leukocytes by scanning fluorescence microscopy using quantum dots","Bocsi J, Lenz D, Mittag A, Varga VS, Molnar B, Tulassay Z, Sack U, Tárnok A.","Cytometry A. 2006 Mar;69(3):131-4. doi: 10.1002/cyto.a.20217.","Bocsi J","Cytometry A","2006","2006/02/16","","","10.1002/cyto.a.20217"
"27882092","The influence of exendin-4 intervention on -obese diabetic mouse blood and the pancreatic tissue immune microenvironment","He J, Lian C, Fang Y, Wu J, Zhou H, Ye X.","Exp Ther Med. 2016 Nov;12(5):2893-2898. doi: 10.3892/etm.2016.3694. Epub 2016 Sep 12.","He J","Exp Ther Med","2016","2016/11/25","PMC5103724","","10.3892/etm.2016.3694"
"10648403","Sequential binding of CD11a/CD18 and CD11b/CD18 defines neutrophil capture and stable adhesion to intercellular adhesion molecule-1","Hentzen ER, Neelamegham S, Kansas GS, Benanti JA, McIntire LV, Smith CW, Simon SI.","Blood. 2000 Feb 1;95(3):911-20.","Hentzen ER","Blood","2000","2000/01/29","","",""
"23993858","Photodynamic potential of curcumin and blue LED against Streptococcus mutans in a planktonic culture","Paschoal MA, Tonon CC, Spolidório DM, Bagnato VS, Giusti JS, Santos-Pinto L.","Photodiagnosis Photodyn Ther. 2013 Sep;10(3):313-9. doi: 10.1016/j.pdpdt.2013.02.002. Epub 2013 Apr 6.","Paschoal MA","Photodiagnosis Photodyn Ther","2013","2013/09/03","","","10.1016/j.pdpdt.2013.02.002"
"38664350","The effect of fluoride varnish application on colour change due to paediatric drug usage in polyacid-modified composite resin: an in vitro study","Çevik N, Hazar Bodrumlu E.","Eur Arch Paediatr Dent. 2024 Jun;25(3):385-392. doi: 10.1007/s40368-024-00894-7. Epub 2024 Apr 26.","Çevik N","Eur Arch Paediatr Dent","2024","2024/04/25","","","10.1007/s40368-024-00894-7"
"26675600","Near-fatal neonatal coronary ischaemia associated with intermittent aortic regurgitation: successful surgical treatment","Likes ML, Silverman NH, Albers EL, Choy R, Bhat A, McMullan DM.","Cardiol Young. 2015 Dec;25(8):1531-5. doi: 10.1017/S1047951115002024.","Likes ML","Cardiol Young","2015","2015/12/18","","","10.1017/S1047951115002024"
"8558713","Evidence for a tumor suppressor gene distal to BRCA1 in prostate cancer","Williams BJ, Jones E, Zhu XL, Steele MR, Stephenson RA, Rohr LR, Brothman AR.","J Urol. 1996 Feb;155(2):720-5.","Williams BJ","J Urol","1996","1996/02/01","","",""
"17384005","Chronic granulomatous disease (CGD) and complete myeloperoxidase deficiency both yield strongly reduced dihydrorhodamine 123 test signals but can be easily discerned in routine testing for CGD","Mauch L, Lun A, O'Gorman MR, Harris JS, Schulze I, Zychlinsky A, Fuchs T, Oelschlägel U, Brenner S, Kutter D, Rösen-Wolff A, Roesler J.","Clin Chem. 2007 May;53(5):890-6. doi: 10.1373/clinchem.2006.083444. Epub 2007 Mar 23.","Mauch L","Clin Chem","2007","2007/03/27","","","10.1373/clinchem.2006.083444"
"14759416","Induction of pulmonary angiogenesis by adenoviral-mediated gene transfer of vascular endothelial growth factor","Lambert V, Michel R, Mazmanian GM, Dulmet EM, Capderou A, Hervé P, Planché C, Serraf A.","Ann Thorac Surg. 2004 Feb;77(2):458-63; discussion 463. doi: 10.1016/j.athoracsur.2003.08.005.","Lambert V","Ann Thorac Surg","2004","2004/02/05","","","10.1016/j.athoracsur.2003.08.005"
"2147370","Lymphocytes bearing the T cell receptor gamma delta in human breast milk","Bertotto A, Castellucci G, Fabietti G, Scalise F, Vaccaro R.","Arch Dis Child. 1990 Nov;65(11):1274-5. doi: 10.1136/adc.65.11.1274-a.","Bertotto A","Arch Dis Child","1990","1990/11/01","PMC1792611","","10.1136/adc.65.11.1274-a"
"12115016","Double-blind, placebo-controlled study of the efficacy and tolerability of nimesulide administered orally in acute bronchial asthma","Sethi GR, Sharma S, Batra V, Sharma DR.","Am J Ther. 2002 Jul-Aug;9(4):281-7. doi: 10.1097/00045391-200207000-00004.","Sethi GR","Am J Ther","2002","2002/07/13","","","10.1097/00045391-200207000-00004"
"2030576","Detection of Y chromosome by in situ hybridization in combination with membrane antigens by two-color immunofluorescence","van den Berg H, Vossen JM, Langlois van den Bergh R, Bayer J, van Tol MJ.","Lab Invest. 1991 May;64(5):623-8.","van den Berg H","Lab Invest","1991","1991/05/01","","",""
"3048438","A novel leukemia cell line, MR-87, with positive Philadelphia chromosome and negative breakpoint cluster region rearrangement coexpressing myeloid and early B-cell markers","Okamura J, Yamada S, Ishii E, Hara T, Takahira H, Nishimura J, Yumura K, Kawa-Ha K, Takase K, Enomoto Y, et al.","Blood. 1988 Oct;72(4):1261-8.","Okamura J","Blood","1988","1988/10/01","","",""
"7530485","Aneusomy of chromosomes 7 and 17 detected by FISH in prostate cancer and the effects of selection in vitro","Jones E, Zhu XL, Rohr LR, Stephenson RA, Brothman AR.","Genes Chromosomes Cancer. 1994 Nov;11(3):163-70. doi: 10.1002/gcc.2870110305.","Jones E","Genes Chromosomes Cancer","1994","1994/11/01","","","10.1002/gcc.2870110305"
"8561875","Gamma delta T-cell subset distribution in human semen from fertile donors","Bertotto A, Spinozzi F, Gerli R, Bassotti G, Fabietti GM, Castellucci G, Vagliasindi C, Vaccaro R.","Am J Reprod Immunol. 1995 Sep;34(3):176-8. doi: 10.1111/j.1600-0897.1995.tb00935.x.","Bertotto A","Am J Reprod Immunol","1995","1995/09/01","","","10.1111/j.1600-0897.1995.tb00935.x"
